Token,Entity,Type,Amount,Jurisdiction
IRSVOID,Internal Revenue Service,Rebuttal,$0,UC-1
MEDICLAIM,Medical Collections,Rebuttal,$0,UC-1
WFCREDIT,Wells Fargo,Credit Card,"$25,000",UC-1
USAACREDIT,USAA,Credit Card,"$13,000",UC-1
CHASEDEBT,Chase Bank,Credit Card,"$18,000",UC-1
CAPONE,Capital One,Credit Card,$900,UC-1
PGANDE,PG&E,Utility,TBD,UC-1
TUDWATER,Tuolumne Utilities District,Utility,TBD,UC-1
WMDEBT,Waste Management,Utility,TBD,UC-1
TRAVELERS,Travelers Insurance,Insurance,TBD,UC-1
USAAINS,USAA Insurance,Insurance,TBD,UC-1
BONDCLAIM,Any and All Bonds,Ancestral/State Bond,∞,UC-1
